time,.header.seq,.header.stamp.secs,.header.stamp.nsecs,.header.frame_id,.Latitude,.Longitude,.HDOP,.Altitude,.UTM_easting,.UTM_northing,.Zone,.Letter
2023/02/03/10:42:56.356247,1,6636,0,GPS_Frame 1,42.338784000000004,-71.08870783333333,1.38,10.5,327935.1550121294,4689504.968744923,19,T
2023/02/03/10:42:57.439271,2,6637,0,GPS_Frame 1,42.338784000000004,-71.08870866666666,1.38,10.5,327935.08636041975,4689504.970431266,19,T
2023/02/03/10:42:58.525736,3,6638,0,GPS_Frame 1,42.33878033333334,-71.0887065,1.38,10.5,327935.2548536083,4689504.558891294,19,T
2023/02/03/10:42:59.606411,4,6639,0,GPS_Frame 1,42.338779666666674,-71.08870700000001,1.11,10.5,327935.21184416686,4689504.485874831,19,T
2023/02/03/10:43:00.694782,5,6640,0,GPS_Frame 1,42.338777666666665,-71.08870666666667,1.11,10.5,327935.2338496226,4689504.263115485,19,T
2023/02/03/10:43:01.779486,6,6641,0,GPS_Frame 1,42.33877566666667,-71.08870583333334,1.06,10.6,327935.2970461116,4689504.039344335,19,T
2023/02/03/10:43:02.855845,7,6642,0,GPS_Frame 1,42.33877416666666,-71.088706,1.06,10.6,327935.2792243454,4689503.873117998,19,T
2023/02/03/10:43:03.941782,8,6643,0,GPS_Frame 1,42.338772166666665,-71.0887065,1.3,10.5,327935.2325780799,4689503.652044996,19,T
2023/02/03/10:43:05.027440,9,6644,0,GPS_Frame 1,42.33877016666667,-71.08870683333333,1.3,10.5,327935.1996621592,4689503.430634726,19,T
2023/02/03/10:43:06.109304,10,6645,0,GPS_Frame 1,42.33876866666666,-71.08870700000001,1.3,10.4,327935.1818403881,4689503.264408386,19,T
2023/02/03/10:43:07.191859,11,6646,0,GPS_Frame 1,42.338767999999995,-71.0887075,1.3,10.3,327935.1388309413,4689503.191391924,19,T
2023/02/03/10:43:08.277791,12,6647,0,GPS_Frame 1,42.338767000000004,-71.088708,1.3,10.1,327935.0949122878,4689503.081361327,19,T
2023/02/03/10:43:09.358839,13,6648,0,GPS_Frame 1,42.338766666666665,-71.08870833333334,1.06,10.0,327935.0665423885,4689503.045021729,19,T
2023/02/03/10:43:10.444061,14,6649,0,GPS_Frame 1,42.33876733333333,-71.08870866666666,1.06,9.8,327935.0409001112,4689503.119724535,19,T
2023/02/03/10:43:11.527452,15,6650,0,GPS_Frame 1,42.338767833333335,-71.08870916666666,1.06,9.7,327935.00107288186,4689503.176257545,19,T
2023/02/03/10:43:12.611013,16,6651,0,GPS_Frame 1,42.33876766666667,-71.08870950000001,1.06,9.6,327934.9731575856,4689503.158425016,19,T
2023/02/03/10:43:13.689207,17,6652,0,GPS_Frame 1,42.338769166666665,-71.0887125,1.3,9.6,327934.73010279716,4689503.331059467,19,T
2023/02/03/10:43:14.769682,18,6653,0,GPS_Frame 1,42.33877333333333,-71.08871783333333,1.3,9.5,327934.30209686933,4689503.804528784,19,T
2023/02/03/10:43:15.856178,19,6654,0,GPS_Frame 1,42.33877733333334,-71.08872283333334,1.3,9.5,327933.901097081,4689504.258816522,19,T
2023/02/03/10:43:16.942137,20,6655,0,GPS_Frame 1,42.33878,-71.08872666666666,1.3,9.4,327933.59257288685,4689504.56268684,19,T
2023/02/03/10:43:18.023703,21,6656,0,GPS_Frame 1,42.33878200000001,-71.08873,1.3,9.3,327933.3234213196,4689504.79151709,19,T
2023/02/03/10:43:19.104431,22,6657,0,GPS_Frame 1,42.33878283333333,-71.08873283333334,1.11,9.2,327933.09227853257,4689504.889786058,19,T
2023/02/03/10:43:20.188812,23,6658,0,GPS_Frame 1,42.3387835,-71.08873483333333,1.11,9.1,327932.92933285935,4689504.967861603,19,T
2023/02/03/10:43:21.271835,24,6659,0,GPS_Frame 1,42.338783666666664,-71.08873666666666,1.11,8.9,327932.77875370375,4689504.990078676,19,T
2023/02/03/10:43:22.350353,25,6660,0,GPS_Frame 1,42.33878383333334,-71.08873866666666,1.11,8.8,327932.6144442049,4689505.012633026,19,T
2023/02/03/10:43:23.437379,26,6661,0,GPS_Frame 1,42.33878383333334,-71.0887415,1.37,8.5,327932.38102838676,4689505.018366682,19,T
2023/02/03/10:43:24.521467,27,6662,0,GPS_Frame 1,42.33878466666667,-71.08874416666666,1.37,8.1,327932.16361596505,4689505.116298408,19,T
2023/02/03/10:43:25.626057,28,6663,0,GPS_Frame 1,42.33878616666666,-71.08874716666666,1.37,7.9,327931.92056131,4689505.28893296,19,T
2023/02/03/10:43:26.685894,29,6664,0,GPS_Frame 1,42.33878783333333,-71.08874949999999,1.37,7.6,327931.7328826456,4689505.478725486,19,T
2023/02/03/10:43:27.767329,30,6665,0,GPS_Frame 1,42.33878883333333,-71.08875116666667,1.37,7.5,327931.59830690693,4689505.593140648,19,T
2023/02/03/10:43:28.859310,31,6666,0,GPS_Frame 1,42.3387895,-71.08875200000001,1.11,7.3,327931.53147364873,4689505.6688552955,19,T
2023/02/03/10:43:29.939108,32,6667,0,GPS_Frame 1,42.3387905,-71.08875233333333,1.11,7.2,327931.5067406435,4689505.780572251,19,T
2023/02/03/10:43:31.022003,33,6668,0,GPS_Frame 1,42.33879083333333,-71.08875200000001,1.11,7.0,327931.5351105499,4689505.816911833,19,T
2023/02/03/10:43:32.105439,34,6669,0,GPS_Frame 1,42.33879116666667,-71.08875166666667,1.37,6.9,327931.56348045816,4689505.853251417,19,T
2023/02/03/10:43:33.187447,35,6670,0,GPS_Frame 1,42.33879149999999,-71.08875133333332,1.11,6.8,327931.59185036615,4689505.889591,19,T
2023/02/03/10:43:34.267358,36,6671,0,GPS_Frame 1,42.33879183333333,-71.08875133333332,0.9,6.7,327931.5927595912,4689505.926605136,19,T
2023/02/03/10:43:35.355339,37,6672,0,GPS_Frame 1,42.338792,-71.088751,1.11,6.6,327931.6206748842,4689505.944437652,19,T
2023/02/03/10:43:36.442439,38,6673,0,GPS_Frame 1,42.33879216666666,-71.08875083333334,1.37,6.5,327931.6348598368,4689505.962607442,19,T
2023/02/03/10:43:37.526594,39,6674,0,GPS_Frame 1,42.33879216666666,-71.0887505,1.11,6.4,327931.6623205171,4689505.96193289,19,T
2023/02/03/10:43:38.609628,40,6675,0,GPS_Frame 1,42.3387925,-71.08875066666666,1.11,6.3,327931.6494994017,4689505.999284303,19,T
2023/02/03/10:43:39.687943,41,6676,0,GPS_Frame 1,42.33879233333334,-71.08875016666666,1.11,6.3,327931.6902358099,4689505.979765409,19,T
2023/02/03/10:43:40.773056,42,6677,0,GPS_Frame 1,42.338792,-71.08874949999999,1.11,6.2,327931.7442479483,4689505.941402172,19,T
2023/02/03/10:43:41.857062,43,6678,0,GPS_Frame 1,42.338792,-71.08874883333333,1.37,6.1,327931.7991693113,4689505.940053069,19,T
2023/02/03/10:43:42.939302,44,6679,0,GPS_Frame 1,42.33879183333333,-71.08874833333333,1.06,6.0,327931.8399057201,4689505.920534177,19,T
2023/02/03/10:43:44.025015,45,6680,0,GPS_Frame 1,42.33879166666667,-71.08874783333334,1.06,6.0,327931.8806421291,4689505.901015285,19,T
2023/02/03/10:43:45.110190,46,6681,0,GPS_Frame 1,42.33879133333333,-71.08874716666666,1.06,5.9,327931.93465426925,4689505.862652049,19,T
2023/02/03/10:43:46.187632,47,6682,0,GPS_Frame 1,42.33879100000001,-71.08874683333333,1.06,5.9,327931.96120572684,4689505.824963365,19,T
2023/02/03/10:43:47.272807,48,6683,0,GPS_Frame 1,42.33879066666667,-71.0887465,1.37,5.9,327931.98775718693,4689505.78727468,19,T
2023/02/03/10:43:48.357878,49,6684,0,GPS_Frame 1,42.3387905,-71.08874633333333,1.3,5.9,327932.001032916,4689505.768430336,19,T
2023/02/03/10:43:49.441010,50,6685,0,GPS_Frame 1,42.33879016666666,-71.08874633333333,1.3,5.9,327932.00012369314,4689505.731416202,19,T
2023/02/03/10:43:50.523452,51,6686,0,GPS_Frame 1,42.33879016666666,-71.08874666666667,1.3,5.9,327931.97266301187,4689505.732090752,19,T
2023/02/03/10:43:51.607264,52,6687,0,GPS_Frame 1,42.33879066666667,-71.0887475,1.3,5.8,327931.9053751397,4689505.78929833,19,T
2023/02/03/10:43:52.694870,53,6688,0,GPS_Frame 1,42.33879066666667,-71.08874783333334,1.06,5.8,327931.87791445863,4689505.78997288,19,T
2023/02/03/10:43:53.773254,54,6689,0,GPS_Frame 1,42.33879083333333,-71.08874766666666,1.11,5.8,327931.8920994108,4689505.808142671,19,T
2023/02/03/10:43:54.860534,55,6690,0,GPS_Frame 1,42.33879116666667,-71.08874766666666,1.06,5.8,327931.8930086342,4689505.845156806,19,T
2023/02/03/10:43:55.948415,56,6691,0,GPS_Frame 1,42.33879216666666,-71.08874816666666,1.3,5.8,327931.854545284,4689505.957211034,19,T
2023/02/03/10:43:57.032554,57,6692,0,GPS_Frame 1,42.338792833333336,-71.088749,1.06,5.8,327931.78771202907,4689506.032925684,19,T
2023/02/03/10:43:58.108943,58,6693,0,GPS_Frame 1,42.33879266666666,-71.088749,1.06,5.8,327931.787257417,4689506.014418616,19,T
2023/02/03/10:43:59.196177,59,6694,0,GPS_Frame 1,42.3387925,-71.08874850000001,1.06,5.9,327931.8279938274,4689505.994899723,19,T
2023/02/03/10:44:00.279225,60,6695,0,GPS_Frame 1,42.338792,-71.08874783333334,1.06,6.0,327931.8815513526,4689505.938029419,19,T
2023/02/03/10:44:01.356370,61,6696,0,GPS_Frame 1,42.33879183333333,-71.088747,1.37,6.0,327931.94974844425,4689505.917835975,19,T
2023/02/03/10:44:02.446058,62,6697,0,GPS_Frame 1,42.33879149999999,-71.08874633333333,1.06,6.1,327932.0037605845,4689505.879472741,19,T
2023/02/03/10:44:03.526867,63,6698,0,GPS_Frame 1,42.33878833333333,-71.08874116666667,1.11,6.6,327932.42076354765,4689505.517382952,19,T
2023/02/03/10:44:04.612199,64,6699,0,GPS_Frame 1,42.33878800000001,-71.08874,1.06,6.9,327932.51596671686,4689505.4780079005,19,T
2023/02/03/10:44:05.694476,65,6700,0,GPS_Frame 1,42.33878766666667,-71.08873799999999,1.06,7.3,327932.67982159497,4689505.43694648,19,T
2023/02/03/10:44:06.778063,66,6701,0,GPS_Frame 1,42.33878633333334,-71.088735,1.3,7.6,327932.9233308686,4689505.2828190215,19,T
2023/02/03/10:44:07.864584,67,6702,0,GPS_Frame 1,42.33878516666667,-71.08873283333334,1.06,8.0,327933.09864305047,4689505.148885001,19,T
2023/02/03/10:44:08.945953,68,6703,0,GPS_Frame 1,42.33878500000001,-71.08873066666666,1.06,8.3,327933.27668289095,4689505.1259933915,19,T
2023/02/03/10:44:10.031975,69,6704,0,GPS_Frame 1,42.33878500000001,-71.08872866666667,1.06,8.6,327933.44144699385,4689505.121946124,19,T
2023/02/03/10:44:11.121092,70,6705,0,GPS_Frame 1,42.338785333333334,-71.088727,1.06,8.8,327933.5796596297,4689505.15558754,19,T
2023/02/03/10:44:12.198567,71,6706,0,GPS_Frame 1,42.33878566666667,-71.08872533333333,1.3,8.9,327933.7178722641,4689505.189228959,19,T
2023/02/03/10:44:13.277645,72,6707,0,GPS_Frame 1,42.33878583333333,-71.0887235,1.11,9.1,327933.86936063,4689505.20402604,19,T
2023/02/03/10:44:14.363227,73,6708,0,GPS_Frame 1,42.338786,-71.08872133333332,1.06,9.3,327934.0483096803,4689505.218148584,19,T
2023/02/03/10:44:15.444094,74,6709,0,GPS_Frame 1,42.3387865,-71.08871933333333,1.3,9.4,327934.21443759697,4689505.269622535,19,T
2023/02/03/10:44:16.529909,75,6710,0,GPS_Frame 1,42.33878683333334,-71.08871716666665,1.3,9.6,327934.3938412494,4689505.302252157,19,T
2023/02/03/10:44:17.603694,76,6711,0,GPS_Frame 1,42.338786666666664,-71.08871483333334,1.3,9.7,327934.58561142767,4689505.279023309,19,T
2023/02/03/10:44:18.692375,77,6712,0,GPS_Frame 1,42.3387865,-71.08871233333333,1.3,9.9,327934.7911119482,4689505.255457196,19,T
2023/02/03/10:44:19.774675,78,6713,0,GPS_Frame 1,42.3387865,-71.08871,1.3,10.0,327934.9833367319,4689505.250735427,19,T
2023/02/03/10:44:20.858773,79,6714,0,GPS_Frame 1,42.33878716666666,-71.08870716666667,1.3,10.0,327935.21857095114,4689505.319030126,19,T
2023/02/03/10:44:21.940492,80,6715,0,GPS_Frame 1,42.338787,-71.088704,1.3,10.1,327935.47899283894,4689505.294114962,19,T
2023/02/03/10:44:23.023598,81,6716,0,GPS_Frame 1,42.33878683333334,-71.08870166666667,1.3,10.1,327935.67076302145,4689505.270886144,19,T
2023/02/03/10:44:24.108319,82,6717,0,GPS_Frame 1,42.3387865,-71.08869849999999,1.3,10.1,327935.9307303086,4689505.227463926,19,T
2023/02/03/10:44:25.190028,83,6718,0,GPS_Frame 1,42.33878566666667,-71.08869583333333,1.3,10.2,327936.1481427731,4689505.129532322,19,T
2023/02/03/10:44:26.274338,84,6719,0,GPS_Frame 1,42.33878566666667,-71.08869416666667,1.3,10.3,327936.28544619284,4689505.126159656,19,T
2023/02/03/10:44:27.359010,85,6720,0,GPS_Frame 1,42.33878500000001,-71.08869299999999,1.3,10.4,327936.37974018685,4689505.04977052,19,T
2023/02/03/10:44:28.441584,86,6721,0,GPS_Frame 1,42.33878466666667,-71.08869216666668,1.06,10.6,327936.44748269615,4689505.011070054,19,T
2023/02/03/10:44:29.522323,87,6722,0,GPS_Frame 1,42.338785333333334,-71.08869133333333,1.06,10.7,327936.5179528047,4689505.0834119925,19,T
2023/02/03/10:44:30.611754,88,6723,0,GPS_Frame 1,42.33878566666667,-71.0886905,1.06,10.9,327936.58751371136,4689505.1187398,19,T
2023/02/03/10:44:31.689473,89,6724,0,GPS_Frame 1,42.338786,-71.08868933333333,1.06,11.1,327936.6845353043,4689505.153393072,19,T
2023/02/03/10:44:32.777041,90,6725,0,GPS_Frame 1,42.338786666666664,-71.08868833333332,1.06,11.2,327936.76873575035,4689505.225397746,19,T
2023/02/03/10:44:33.860066,91,6726,0,GPS_Frame 1,42.3387865,-71.08868766666666,1.06,11.4,327936.82320251915,4689505.205541616,19,T
2023/02/03/10:44:34.945429,92,6727,0,GPS_Frame 1,42.3387865,-71.088687,1.06,11.6,327936.8781238847,4689505.204192555,19,T
2023/02/03/10:44:36.027314,93,6728,0,GPS_Frame 1,42.338786666666664,-71.08868666666667,1.06,11.8,327936.9060391658,4689505.222025093,19,T
2023/02/03/10:44:37.111677,94,6729,0,GPS_Frame 1,42.33878616666666,-71.08868666666667,1.06,12.0,327936.90467537066,4689505.1665038895,19,T
2023/02/03/10:44:38.195474,95,6730,0,GPS_Frame 1,42.33878549999999,-71.088687,1.06,12.2,327936.87539629394,4689505.093150152,19,T
2023/02/03/10:44:39.276223,96,6731,0,GPS_Frame 1,42.338784000000004,-71.08868716666666,1.06,12.4,327936.85757456603,4689504.926923811,19,T
2023/02/03/10:44:40.363845,97,6732,0,GPS_Frame 1,42.338783,-71.08868733333334,1.06,12.7,327936.84111663094,4689504.816218673,19,T
2023/02/03/10:44:41.441621,98,6733,0,GPS_Frame 1,42.33878216666667,-71.0886875,1.06,12.8,327936.82511329616,4689504.724020602,19,T
2023/02/03/10:44:42.530696,99,6734,0,GPS_Frame 1,42.33878200000001,-71.08868733333334,1.06,13.0,327936.83838904003,4689504.705176271,19,T
2023/02/03/10:44:43.607100,100,6735,0,GPS_Frame 1,42.338781000000004,-71.088687,1.06,13.2,327936.86312213633,4689504.593459336,19,T
2023/02/03/10:44:44.691010,101,6736,0,GPS_Frame 1,42.338781166666664,-71.08868633333333,1.06,13.3,327936.9184981048,4689504.6106173415,19,T
2023/02/03/10:44:45.778452,102,6737,0,GPS_Frame 1,42.3387815,-71.08868566666666,1.29,13.1,327936.9743286733,4689504.646282415,19,T
2023/02/03/10:44:46.856312,103,6738,0,GPS_Frame 1,42.338782666666674,-71.08868483333335,1.06,13.1,327937.0461625713,4689504.774145561,19,T
2023/02/03/10:44:47.938742,104,6739,0,GPS_Frame 1,42.33878333333334,-71.08868383333333,1.06,13.1,327937.13036301755,4689504.846150242,19,T
2023/02/03/10:44:49.020576,105,6740,0,GPS_Frame 1,42.33878433333333,-71.08868316666667,1.06,13.1,327937.18801197346,4689504.955843585,19,T
2023/02/03/10:44:50.108367,106,6741,0,GPS_Frame 1,42.338785333333334,-71.08868266666667,1.06,13.0,327937.23193058406,4689505.065874196,19,T
2023/02/03/10:44:51.188792,107,6742,0,GPS_Frame 1,42.33878616666666,-71.08868266666667,1.06,12.9,327937.23420357157,4689505.158409531,19,T
2023/02/03/10:44:52.275785,108,6743,0,GPS_Frame 1,42.338786666666664,-71.08868283333332,1.06,12.8,327937.2218370249,4689505.214267998,19,T
2023/02/03/10:44:53.355473,109,6744,0,GPS_Frame 1,42.3387875,-71.08868316666667,1.06,12.8,327937.1966493282,4689505.3074778635,19,T
2023/02/03/10:44:54.437040,110,6745,0,GPS_Frame 1,42.33878983333334,-71.0886845,1.29,12.7,327937.093170968,4689505.569274924,19,T
2023/02/03/10:44:55.523481,111,6746,0,GPS_Frame 1,42.3387925,-71.08868633333333,1.29,12.5,327936.94941079034,4689505.869097918,19,T
2023/02/03/10:44:56.605015,112,6747,0,GPS_Frame 1,42.33879483333333,-71.08868733333334,1.36,12.3,327936.87339312816,4689506.130220451,19,T
2023/02/03/10:44:57.687221,113,6748,0,GPS_Frame 1,42.33879716666667,-71.0886885,1.36,12.1,327936.7836451334,4689506.391680254,19,T
2023/02/03/10:44:58.768041,114,6749,0,GPS_Frame 1,42.3387985,-71.08869,1.36,12.1,327936.66370887356,4689506.542772183,19,T
2023/02/03/10:44:59.856719,115,6750,0,GPS_Frame 1,42.33879916666667,-71.088691,1.11,12.0,327936.58314523665,4689506.618824049,19,T
2023/02/03/10:45:00.940278,116,6751,0,GPS_Frame 1,42.33880166666666,-71.08869683333334,1.11,12.3,327936.1094023853,4689506.908234385,19,T
2023/02/03/10:45:02.025867,117,6752,0,GPS_Frame 1,42.33880166666666,-71.08869800000001,1.06,12.3,327936.0132900167,4689506.910595254,19,T
2023/02/03/10:45:03.109830,118,6753,0,GPS_Frame 1,42.33880216666667,-71.08870066666667,1.06,12.5,327935.79496840795,4689506.971512734,19,T
2023/02/03/10:45:04.189522,119,6754,0,GPS_Frame 1,42.33880183333334,-71.08870116666667,1.06,12.5,327935.7528681907,4689506.935510403,19,T
2023/02/03/10:45:05.276757,120,6755,0,GPS_Frame 1,42.33880216666667,-71.0887025,1.06,12.5,327935.6439346861,4689506.975222679,19,T
2023/02/03/10:45:06.357853,121,6756,0,GPS_Frame 1,42.338802,-71.08870316666666,1.06,12.5,327935.588558732,4689506.958064683,19,T
2023/02/03/10:45:07.439939,122,6757,0,GPS_Frame 1,42.33880183333334,-71.08870366666666,1.06,12.5,327935.54691311583,4689506.94056942,19,T
2023/02/03/10:45:08.530393,123,6758,0,GPS_Frame 1,42.33880166666666,-71.08870416666667,1.06,12.4,327935.50526749715,4689506.923074156,19,T
2023/02/03/10:45:09.612900,124,6759,0,GPS_Frame 1,42.338802,-71.0887055,1.29,12.4,327935.3963339957,4689506.962786437,19,T
2023/02/03/10:45:10.692393,125,6760,0,GPS_Frame 1,42.338802,-71.08870583333334,1.06,12.3,327935.3688733197,4689506.963460973,19,T
2023/02/03/10:45:11.775459,126,6761,0,GPS_Frame 1,42.33880166666666,-71.08870616666667,1.06,12.2,327935.34050343814,4689506.927121376,19,T
2023/02/03/10:45:12.853254,127,6762,0,GPS_Frame 1,42.33880183333334,-71.08870733333333,1.06,12.2,327935.2448456704,4689506.947989323,19,T
2023/02/03/10:45:13.941628,128,6763,0,GPS_Frame 1,42.338801333333336,-71.08870816666666,1.06,12.3,327935.1748301705,4689506.894154464,19,T
2023/02/03/10:45:15.026679,129,6764,0,GPS_Frame 1,42.33880166666666,-71.08871,1.29,12.3,327935.0247056538,4689506.934878557,19,T
2023/02/03/10:45:16.107495,130,6765,0,GPS_Frame 1,42.33880166666666,-71.088712,1.06,12.3,327934.8599415925,4689506.938925788,19,T
2023/02/03/10:45:17.191280,131,6766,0,GPS_Frame 1,42.338801333333336,-71.08871383333333,1.06,12.4,327934.70799866255,4689506.905621618,19,T
2023/02/03/10:45:18.275274,132,6767,0,GPS_Frame 1,42.33880066666667,-71.0887155,1.06,12.6,327934.5688768597,4689506.834966047,19,T
2023/02/03/10:45:19.357582,133,6768,0,GPS_Frame 1,42.33879983333333,-71.08871683333334,1.06,12.7,327934.4567611235,4689506.74512887,19,T
2023/02/03/10:45:20.443556,134,6769,0,GPS_Frame 1,42.33879866666666,-71.0887185,1.29,12.8,327934.3162754985,4689506.618952101,19,T
2023/02/03/10:45:21.534400,135,6770,0,GPS_Frame 1,42.33879716666667,-71.08872016666666,1.06,13.0,327934.1748806568,4689506.455761202,19,T
2023/02/03/10:45:22.614644,136,6771,0,GPS_Frame 1,42.338796,-71.08872133333332,1.06,13.1,327934.075586039,4689506.328572626,19,T
2023/02/03/10:45:23.699144,137,6772,0,GPS_Frame 1,42.33879433333333,-71.08872166666667,1.06,13.3,327934.0435792974,4689506.1441764925,19,T
2023/02/03/10:45:24.775666,138,6773,0,GPS_Frame 1,42.33879033333333,-71.0887195,1.06,14.0,327934.2111631834,4689505.695622357,19,T
2023/02/03/10:45:25.863234,139,6774,0,GPS_Frame 1,42.33878733333333,-71.08871833333333,0.9,14.5,327934.29909267393,4689505.360134249,19,T
2023/02/03/10:45:26.945839,140,6775,0,GPS_Frame 1,42.33878483333333,-71.08871766666667,0.9,14.9,327934.34719496383,4689505.081179159,19,T
2023/02/03/10:45:28.027712,141,6776,0,GPS_Frame 1,42.338782666666674,-71.08871733333334,1.06,15.1,327934.36874578183,4689504.839912743,19,T
2023/02/03/10:45:29.112974,142,6777,0,GPS_Frame 1,42.338779833333334,-71.08871683333334,1.06,15.5,327934.402208525,4689504.524280788,19,T
2023/02/03/10:45:30.198976,143,6778,0,GPS_Frame 1,42.338777666666665,-71.08871683333334,1.06,15.6,327934.39629866136,4689504.283688913,19,T
2023/02/03/10:45:31.282351,144,6779,0,GPS_Frame 1,42.33877600000001,-71.08871716666665,1.06,15.8,327934.36429192533,4689504.099292781,19,T
2023/02/03/10:45:32.355032,145,6780,0,GPS_Frame 1,42.338773999999994,-71.08871666666667,1.06,16.0,327934.40002769843,4689503.876196162,19,T
2023/02/03/10:45:33.438179,146,6781,0,GPS_Frame 1,42.33877066666667,-71.08871683333334,1.36,16.2,327934.37720525765,4689503.506392086,19,T
2023/02/03/10:45:34.526308,147,6782,0,GPS_Frame 1,42.338768333333334,-71.088717,1.11,16.2,327934.3571104449,4689503.247630415,19,T
2023/02/03/10:45:35.610227,148,6783,0,GPS_Frame 1,42.33876583333334,-71.08871766666667,1.11,16.3,327934.295369989,4689502.971373487,19,T
2023/02/03/10:45:36.689642,149,6784,0,GPS_Frame 1,42.33876516666666,-71.088718,1.11,16.3,327934.26609087706,4689502.898019758,19,T
2023/02/03/10:45:37.773100,150,6785,0,GPS_Frame 1,42.338764833333336,-71.0887185,1.36,16.3,327934.22399062663,4689502.862017434,19,T
2023/02/03/10:45:38.861508,151,6786,0,GPS_Frame 1,42.33876433333333,-71.08871900000001,1.11,16.3,327934.1814357704,4689502.807508044,19,T
2023/02/03/10:45:39.948159,152,6787,0,GPS_Frame 1,42.33876283333334,-71.08871900000001,0.9,16.4,327934.17734432337,4689502.640944439,19,T
2023/02/03/10:45:41.030495,153,6788,0,GPS_Frame 1,42.3387625,-71.08871966666668,1.36,16.4,327934.12151372636,4689502.605279386,19,T
2023/02/03/10:45:42.111357,154,6789,0,GPS_Frame 1,42.33876166666667,-71.08871983333333,0.9,16.4,327934.10551035276,4689502.513081321,19,T
2023/02/03/10:45:43.196634,155,6790,0,GPS_Frame 1,42.33876166666667,-71.08872,1.11,16.3,327934.09178000595,4689502.513418591,19,T
2023/02/03/10:45:44.275531,156,6791,0,GPS_Frame 1,42.33876166666667,-71.08871966666668,0.9,16.1,327934.11924069957,4689502.51274405,19,T
2023/02/03/10:45:45.366715,157,6792,0,GPS_Frame 1,42.338761833333336,-71.08871933333333,1.11,16.0,327934.1471559985,4689502.530576576,19,T
2023/02/03/10:45:46.453314,158,6793,0,GPS_Frame 1,42.3387615,-71.08871866666667,0.9,15.9,327934.2011681774,4689502.492213359,19,T
2023/02/03/10:45:47.527427,159,6794,0,GPS_Frame 1,42.338762333333335,-71.0887185,1.35,15.7,327934.2171715498,4689502.5844114255,19,T
2023/02/03/10:45:48.613960,160,6795,0,GPS_Frame 1,42.3387625,-71.088718,0.85,15.6,327934.2588171968,4689502.601906681,19,T
2023/02/03/10:45:49.698694,161,6796,0,GPS_Frame 1,42.33876283333334,-71.08871783333333,1.15,15.5,327934.27345675346,4689502.6385835465,19,T
2023/02/03/10:45:50.782772,162,6797,0,GPS_Frame 1,42.33876266666666,-71.08871733333334,0.85,15.4,327934.3141931882,4689502.619064667,19,T
2023/02/03/10:45:51.861887,163,6798,0,GPS_Frame 1,42.3387625,-71.0887175,1.06,15.4,327934.3000082367,4689502.600894871,19,T
2023/02/03/10:45:52.949138,164,6799,0,GPS_Frame 1,42.33876133333333,-71.08871683333334,0.85,15.6,327934.35174739,4689502.469996318,19,T
2023/02/03/10:45:54.031957,165,6800,0,GPS_Frame 1,42.338760666666666,-71.088717,1.06,15.7,327934.33619862405,4689502.396305321,19,T
2023/02/03/10:45:55.119320,166,6801,0,GPS_Frame 1,42.33876,-71.08871766666667,0.85,15.9,327934.2794588163,4689502.323626133,19,T
2023/02/03/10:45:56.191516,167,6802,0,GPS_Frame 1,42.33876116666667,-71.08872066666666,1.06,15.9,327934.035494802,4689502.4592464715,19,T
2023/02/03/10:45:57.283501,168,6803,0,GPS_Frame 1,42.338762333333335,-71.08872366666667,0.85,15.9,327933.7915307926,4689502.594866822,19,T
2023/02/03/10:45:58.366181,169,6804,0,GPS_Frame 1,42.33876383333333,-71.08872733333332,1.06,15.9,327933.4935546251,4689502.768850399,19,T
2023/02/03/10:45:59.446458,170,6805,0,GPS_Frame 1,42.33876466666667,-71.08873066666666,0.85,15.9,327933.2212207307,4689502.868131178,19,T
2023/02/03/10:46:00.532951,171,6806,0,GPS_Frame 1,42.33876516666666,-71.08873233333334,1.06,15.9,327933.0852810893,4689502.927025105,19,T
2023/02/03/10:46:01.616148,172,6807,0,GPS_Frame 1,42.338765333333335,-71.088734,0.9,15.9,327932.94843223516,4689502.9489049,19,T
2023/02/03/10:46:02.697055,173,6808,0,GPS_Frame 1,42.33876566666666,-71.08873583333335,1.06,15.9,327932.79830764246,4689502.989629036,19,T
2023/02/03/10:46:03.777868,174,6809,0,GPS_Frame 1,42.338765333333335,-71.08873783333334,0.85,15.9,327932.63263426814,4689502.956662184,19,T
2023/02/03/10:46:04.860218,175,6810,0,GPS_Frame 1,42.338764499999996,-71.0887385,0.85,16.0,327932.5754398366,4689502.865475941,19,T
2023/02/03/10:46:05.946694,176,6811,0,GPS_Frame 1,42.338764000000005,-71.08873933333332,1.06,16.0,327932.5054242766,4689502.811641107,19,T
2023/02/03/10:46:07.031503,177,6812,0,GPS_Frame 1,42.338763166666666,-71.08874016666667,0.85,16.2,327932.4344994916,4689502.720792141,19,T
2023/02/03/10:46:08.110777,178,6813,0,GPS_Frame 1,42.338761833333336,-71.08874083333333,0.85,16.3,327932.3759412258,4689502.574084698,19,T
2023/02/03/10:46:09.192714,179,6814,0,GPS_Frame 1,42.338760333333326,-71.08874116666667,1.06,16.4,327932.3443890418,4689502.408195639,19,T
2023/02/03/10:46:10.274909,180,6815,0,GPS_Frame 1,42.33875716666667,-71.08874083333333,1.06,16.5,327932.36321214715,4689502.055886813,19,T
2023/02/03/10:46:11.359680,181,6816,0,GPS_Frame 1,42.338753,-71.08873983333334,1.06,16.6,327932.4342289937,4689501.59118649,19,T
2023/02/03/10:46:12.438828,182,6817,0,GPS_Frame 1,42.33875116666666,-71.0887405,1.06,16.6,327932.3743068888,4689501.388957844,19,T
2023/02/03/10:46:13.525405,183,6818,0,GPS_Frame 1,42.338750499999996,-71.08874283333333,1.28,16.6,327932.1802635557,4689501.319651412,19,T
2023/02/03/10:46:14.607185,184,6819,0,GPS_Frame 1,42.33875,-71.08874483333334,1.06,16.6,327932.0141355282,4689501.268177505,19,T
2023/02/03/10:46:15.694038,185,6820,0,GPS_Frame 1,42.338749166666666,-71.08874733333333,1.06,16.6,327931.8059072291,4689501.18070129,19,T
2023/02/03/10:46:16.776042,186,6821,0,GPS_Frame 1,42.338747833333336,-71.08874999999999,1.06,16.7,327931.58258473716,4689501.038041157,19,T
2023/02/03/10:46:17.856718,187,6822,0,GPS_Frame 1,42.33874566666667,-71.08875366666666,1.06,16.8,327931.2746070699,4689500.80486935,19,T
2023/02/03/10:46:18.939143,188,6823,0,GPS_Frame 1,42.33874616666667,-71.08875916666666,1.28,16.8,327930.82286934013,4689500.871520677,19,T
2023/02/03/10:46:20.023780,189,6824,0,GPS_Frame 1,42.33874633333333,-71.08876333333333,1.06,16.7,327930.48006519093,4689500.898459676,19,T
2023/02/03/10:46:21.111867,190,6825,0,GPS_Frame 1,42.33874600000001,-71.088767,1.06,16.6,327930.1770882495,4689500.868865656,19,T
2023/02/03/10:46:22.192961,191,6826,0,GPS_Frame 1,42.33874566666667,-71.08877066666668,1.06,16.7,327929.8741113026,4689500.839271648,19,T
2023/02/03/10:46:23.278550,192,6827,0,GPS_Frame 1,42.33874349999999,-71.08877233333332,1.06,16.7,327929.7308977823,4689500.602052561,19,T
2023/02/03/10:46:24.361053,193,6828,0,GPS_Frame 1,42.3387415,-71.08877366666667,1.28,16.7,327929.6155995682,4689500.382665989,19,T
2023/02/03/10:46:25.442711,194,6829,0,GPS_Frame 1,42.33873983333333,-71.08877466666667,1.28,16.8,327929.5286712891,4689500.199618991,19,T
2023/02/03/10:46:26.533234,195,6830,0,GPS_Frame 1,42.3387385,-71.08877583333333,1.28,16.9,327929.4289218844,4689500.053923411,19,T
2023/02/03/10:46:27.603619,196,6831,0,GPS_Frame 1,42.33873716666667,-71.08877616666668,1.28,17.0,327929.39782424096,4689499.906541432,19,T
2023/02/03/10:46:28.691870,197,6832,0,GPS_Frame 1,42.33873533333334,-71.08877600000001,1.28,17.0,327929.40655380173,4689499.702626414,19,T
2023/02/03/10:46:29.778179,198,6833,0,GPS_Frame 1,42.33873366666667,-71.088775,1.06,17.0,327929.4843897497,4689499.515532062,19,T
2023/02/03/10:46:30.859028,199,6834,0,GPS_Frame 1,42.338732666666665,-71.08877516666666,1.06,17.1,327929.46793169144,4689499.404826938,19,T
2023/02/03/10:46:31.945751,200,6835,0,GPS_Frame 1,42.338731499999994,-71.08877483333335,1.06,17.1,327929.49221007794,4689499.274602909,19,T
2023/02/03/10:46:33.026379,201,6836,0,GPS_Frame 1,42.3387295,-71.08877516666666,1.06,17.2,327929.45929396496,4689499.05319266,19,T
2023/02/03/10:46:34.109648,202,6837,0,GPS_Frame 1,42.33872800000001,-71.08877566666666,1.28,17.3,327929.414011348,4689498.887640895,19,T
2023/02/03/10:46:35.186613,203,6838,0,GPS_Frame 1,42.33872816666667,-71.08877633333333,1.28,17.2,327929.35954454646,4689498.90749708,19,T
2023/02/03/10:46:36.276248,204,6839,0,GPS_Frame 1,42.338726333333334,-71.08877733333334,1.28,17.3,327929.2721616256,4689498.705943018,19,T
2023/02/03/10:46:37.356956,205,6840,0,GPS_Frame 1,42.33872383333334,-71.088778,1.28,17.6,327929.21042093914,4689498.42968613,19,T
2023/02/03/10:46:38.440638,206,6841,0,GPS_Frame 1,42.33872183333333,-71.08877783333334,1.28,17.9,327929.21869588195,4689498.207264043,19,T
2023/02/03/10:46:39.526345,207,6842,0,GPS_Frame 1,42.33871933333333,-71.08877666666667,1.06,18.1,327929.3079891136,4689497.927297075,19,T
2023/02/03/10:46:40.611945,208,6843,0,GPS_Frame 1,42.338716999999995,-71.08877550000001,1.06,18.3,327929.3977369662,4689497.665837177,19,T
2023/02/03/10:46:41.691671,209,6844,0,GPS_Frame 1,42.33871283333333,-71.0887745,1.06,18.7,327929.4687536876,4689497.20113682,19,T
2023/02/03/10:46:42.774222,210,6845,0,GPS_Frame 1,42.33870983333333,-71.08877383333333,1.28,19.0,327929.5154920167,4689496.8666604925,19,T
2023/02/03/10:46:43.859385,211,6846,0,GPS_Frame 1,42.33870650000001,-71.08877283333332,1.06,19.3,327929.5887818403,4689496.494495475,19,T
2023/02/03/10:46:44.940654,212,6847,0,GPS_Frame 1,42.33870449999999,-71.08877166666666,1.06,19.7,327929.67943895806,4689496.270049716,19,T
2023/02/03/10:46:46.032309,213,6848,0,GPS_Frame 1,42.338702,-71.08877133333334,1.06,20.0,327929.70008043514,4689495.991769152,19,T
2023/02/03/10:46:47.108221,214,6849,0,GPS_Frame 1,42.33869933333334,-71.088771,1.28,20.2,327929.72026730084,4689495.694981519,19,T
2023/02/03/10:46:48.192617,215,6850,0,GPS_Frame 1,42.338696666666664,-71.0887705,1.06,20.4,327929.75418453023,4689495.397856607,19,T
2023/02/03/10:46:49.275246,216,6851,0,GPS_Frame 1,42.33869466666667,-71.08877000000001,1.06,20.4,327929.78992022225,4689495.174759966,19,T
2023/02/03/10:46:50.361454,217,6852,0,GPS_Frame 1,42.3386935,-71.08876933333333,1.06,20.4,327929.84165936103,4689495.043861382,19,T
2023/02/03/10:46:51.443780,218,6853,0,GPS_Frame 1,42.33869249999999,-71.0887685,1.06,20.4,327929.90758347925,4689494.931132586,19,T
2023/02/03/10:46:52.533718,219,6854,0,GPS_Frame 1,42.338693,-71.088768,0.9,20.3,327929.95013841084,4689494.985641954,19,T
2023/02/03/10:46:53.610921,220,6855,0,GPS_Frame 1,42.338693666666664,-71.08876783333334,1.28,20.1,327929.9656872358,4689495.059332943,19,T
2023/02/03/10:46:54.694150,221,6856,0,GPS_Frame 1,42.33869383333334,-71.08876716666667,1.28,19.9,327930.02106329764,4689495.076490897,19,T
2023/02/03/10:46:55.779151,222,6857,0,GPS_Frame 1,42.338694000000004,-71.08876716666667,1.28,19.7,327930.02151791274,4689495.094997965,19,T
2023/02/03/10:46:56.863131,223,6858,0,GPS_Frame 1,42.33869383333334,-71.08876666666667,1.28,19.5,327930.06225438253,4689495.075479063,19,T
2023/02/03/10:46:57.944935,224,6859,0,GPS_Frame 1,42.33869433333333,-71.088766,1.06,19.4,327930.1185396735,4689495.1296511525,19,T
2023/02/03/10:46:59.026369,225,6860,0,GPS_Frame 1,42.33869500000001,-71.08876516666666,1.06,19.2,327930.1890099441,4689495.201993031,19,T
2023/02/03/10:47:00.120268,226,6861,0,GPS_Frame 1,42.33869566666667,-71.08876566666666,0.85,19.0,327930.14963731915,4689495.277033133,19,T
2023/02/03/10:47:01.195851,227,6862,0,GPS_Frame 1,42.338695333333334,-71.08876666666667,0.9,19.0,327930.0663459175,4689495.242042668,19,T
2023/02/03/10:47:02.278478,228,6863,0,GPS_Frame 1,42.33869583333333,-71.08876883333333,1.06,18.9,327929.8892150629,4689495.301948486,19,T
2023/02/03/10:47:03.363149,229,6864,0,GPS_Frame 1,42.338697,-71.0887705,1.06,18.9,327929.75509376195,4689495.434870742,19,T
2023/02/03/10:47:04.448725,230,6865,0,GPS_Frame 1,42.33869783333333,-71.08877166666666,1.06,18.7,327929.6612543118,4689495.529767029,19,T
2023/02/03/10:47:05.530677,231,6866,0,GPS_Frame 1,42.33869866666667,-71.0887725,1.28,18.6,327929.5948755875,4689495.623988762,19,T
2023/02/03/10:47:06.610773,232,6867,0,GPS_Frame 1,42.33869866666667,-71.08877366666667,1.06,18.6,327929.49876306136,4689495.626349716,19,T
2023/02/03/10:47:07.696966,233,6868,0,GPS_Frame 1,42.338696666666664,-71.08877466666667,1.06,18.6,327929.4109254965,4689495.406288584,19,T
2023/02/03/10:47:08.804635,234,6869,0,GPS_Frame 1,42.338695333333334,-71.088775,1.06,18.7,327929.3798278398,4689495.2589066075,19,T
2023/02/03/10:47:09.860301,235,6870,0,GPS_Frame 1,42.33869516666667,-71.08877583333333,1.28,18.6,327929.31072141195,4689495.242085937,19,T
2023/02/03/10:47:10.944353,236,6871,0,GPS_Frame 1,42.33869500000001,-71.08877666666667,1.06,18.6,327929.2416149881,4689495.225265267,19,T
2023/02/03/10:47:12.031950,237,6872,0,GPS_Frame 1,42.33869416666666,-71.0887775,1.06,18.5,327929.17069009214,4689495.134416332,19,T
2023/02/03/10:47:13.114047,238,6873,0,GPS_Frame 1,42.3386935,-71.088778,1.06,18.4,327929.12768053554,4689495.061399902,19,T
2023/02/03/10:47:14.194868,239,6874,0,GPS_Frame 1,42.33869249999999,-71.0887785,1.28,18.5,327929.0837617449,4689494.951369339,19,T
2023/02/03/10:47:15.279155,240,6875,0,GPS_Frame 1,42.33869316666666,-71.08877916666667,1.06,18.3,327929.03065876814,4689495.026746727,19,T
2023/02/03/10:47:16.361228,241,6876,0,GPS_Frame 1,42.3386935,-71.08877966666667,1.06,18.2,327928.99037691846,4689495.064772703,19,T
2023/02/03/10:47:17.444022,242,6877,0,GPS_Frame 1,42.338696,-71.08878116666666,1.06,18.0,327928.8736229313,4689495.345414232,19,T
2023/02/03/10:47:18.526137,243,6878,0,GPS_Frame 1,42.33869833333333,-71.08878233333333,1.06,17.7,327928.78387506143,4689495.606874137,19,T
2023/02/03/10:47:19.615047,244,6879,0,GPS_Frame 1,42.33870149999999,-71.08878383333334,1.28,17.4,327928.66893956845,4689495.961543939,19,T
2023/02/03/10:47:20.695761,245,6880,0,GPS_Frame 1,42.33870650000001,-71.08878433333332,0.9,16.8,327928.6413870568,4689496.517767798,19,T
2023/02/03/10:47:21.776500,246,6881,0,GPS_Frame 1,42.338712,-71.08878583333333,1.28,16.1,327928.53281626,4689497.131536545,19,T
2023/02/03/10:47:22.859004,247,6882,0,GPS_Frame 1,42.338717333333335,-71.08878666666666,1.28,15.4,327928.47871229687,4689497.725449104,19,T
2023/02/03/10:47:23.944206,248,6883,0,GPS_Frame 1,42.338720333333335,-71.088787,1.28,15.0,327928.45943473757,4689498.059250876,19,T
2023/02/03/10:47:25.029431,249,6884,0,GPS_Frame 1,42.338721500000005,-71.08878716666666,1.06,15.0,327928.44888671755,4689498.189137628,19,T
2023/02/03/10:47:26.119641,250,6885,0,GPS_Frame 1,42.33872183333333,-71.08878733333333,1.06,15.1,327928.4360656015,4689498.226489044,19,T
2023/02/03/10:47:27.196743,251,6886,0,GPS_Frame 1,42.338722000000004,-71.08878750000001,1.06,15.1,327928.4227898636,4689498.245333393,19,T
2023/02/03/10:47:28.276606,252,6887,0,GPS_Frame 1,42.33872183333333,-71.08878733333333,1.06,15.2,327928.4360656015,4689498.226489044,19,T
2023/02/03/10:47:29.361005,253,6888,0,GPS_Frame 1,42.33872266666667,-71.088787,1.06,15.2,327928.46579941304,4689498.318349817,19,T
2023/02/03/10:47:30.443345,254,6889,0,GPS_Frame 1,42.338723333333334,-71.08878716666666,1.06,15.3,327928.4538875345,4689498.3927153675,19,T
2023/02/03/10:47:31.526987,255,6890,0,GPS_Frame 1,42.338724666666664,-71.08878716666666,1.06,15.2,327928.4575244923,4689498.540771904,19,T
2023/02/03/10:47:32.614411,256,6891,0,GPS_Frame 1,42.338727,-71.08878633333333,1.06,14.9,327928.53254094307,4689498.79818444,19,T
2023/02/03/10:47:33.690188,257,6892,0,GPS_Frame 1,42.338730000000005,-71.08878566666667,1.06,14.5,327928.5956455107,4689499.129962525,19,T
2023/02/03/10:47:34.775533,258,6893,0,GPS_Frame 1,42.338731666666675,-71.088784,1.06,14.3,327928.73749524367,4689499.3116603885,19,T
2023/02/03/10:47:35.864115,259,6894,0,GPS_Frame 1,42.338733166666664,-71.08878166666666,1.06,14.0,327928.93381176284,4689499.47350206,19,T
2023/02/03/10:47:36.945161,260,6895,0,GPS_Frame 1,42.33873516666666,-71.08878033333333,1.06,13.8,327929.04911000957,4689499.692888624,19,T
2023/02/03/10:47:38.029578,261,6896,0,GPS_Frame 1,42.338737666666674,-71.0887795,1.28,13.5,327929.12458104745,4689499.968808234,19,T
2023/02/03/10:47:39.114196,262,6897,0,GPS_Frame 1,42.33874016666667,-71.08877933333333,1.06,13.3,327929.14513067185,4689500.246076961,19,T
2023/02/03/10:47:40.194309,263,6898,0,GPS_Frame 1,42.338742,-71.08877916666667,1.06,13.2,327929.16386182304,4689500.449317422,19,T
2023/02/03/10:47:41.275412,264,6899,0,GPS_Frame 1,42.33874349999999,-71.08877766666666,1.15,13.0,327929.29152654787,4689500.612845505,19,T
2023/02/03/10:47:42.358086,265,6900,0,GPS_Frame 1,42.3387445,-71.08877616666668,1.06,12.8,327929.4178274103,4689500.720852391,19,T
2023/02/03/10:47:43.447981,266,6901,0,GPS_Frame 1,42.33874533333333,-71.08877433333333,0.85,12.7,327929.57113435667,4689500.809677653,19,T
2023/02/03/10:47:44.536638,267,6902,0,GPS_Frame 1,42.33874616666667,-71.088773,1.43,12.5,327929.6832502462,4689500.899514755,19,T
2023/02/03/10:47:45.612937,268,6903,0,GPS_Frame 1,42.33874633333333,-71.0887705,1.27,12.2,327929.8896601223,4689500.912962638,19,T
2023/02/03/10:47:46.693671,269,6904,0,GPS_Frame 1,42.33874633333333,-71.08876816666665,1.27,12.1,327930.0818850292,4689500.908240737,19,T
2023/02/03/10:47:47.778922,270,6905,0,GPS_Frame 1,42.33874600000001,-71.08876516666666,1.43,12.0,327930.3281221065,4689500.865155598,19,T
2023/02/03/10:47:48.860612,271,6906,0,GPS_Frame 1,42.33874616666667,-71.0887635,1.27,11.9,327930.465880226,4689500.880289886,19,T
2023/02/03/10:47:49.942559,272,6907,0,GPS_Frame 1,42.3387455,-71.08876116666667,1.06,11.9,327930.6562866762,4689500.801539732,19,T
2023/02/03/10:47:51.031886,273,6908,0,GPS_Frame 1,42.33874416666666,-71.08875866666668,1.15,11.9,327930.8586050242,4689500.648424037,19,T
2023/02/03/10:47:52.113203,274,6909,0,GPS_Frame 1,42.33874266666667,-71.08875666666667,1.06,11.9,327931.01927771687,4689500.4778131135,19,T
2023/02/03/10:47:53.193731,275,6910,0,GPS_Frame 1,42.33874183333334,-71.08875533333334,1.06,12.0,327931.1268474641,4689500.382579565,19,T
2023/02/03/10:47:54.275459,276,6911,0,GPS_Frame 1,42.33874133333334,-71.08875450000001,1.43,12.0,327931.1941353816,4689500.325371982,19,T
2023/02/03/10:47:55.363207,277,6912,0,GPS_Frame 1,42.33874133333334,-71.08875433333333,1.06,12.1,327931.207865735,4689500.325034704,19,T
